Probe Set ID	Gene Symbol	Gene Title	Pathway	go biological process term	go molecular function term	go cellular component term
1415899_at	Junb	jun B proto-oncogene	---	vasculogenesis /// osteoblast differentiation /// in utero embryonic development /// trophectodermal cell differentiation /// trophectodermal cell differentiation /// transcription, DNA-templated /// regulation of transcription, DNA-templated /// regulation of transcription, DNA-templated /// transcription from RNA polymerase II promoter /// female pregnancy /// response to light stimulus /// response to mechanical stimulus /// cellular process /// response to organic cyclic compound /// osteoclast differentiation /// response to progesterone /// cellular response to hormone stimulus /// osteoblast proliferation /// response to cytokine /// response to drug /// response to peptide hormone /// positive regulation of cell differentiation /// decidualization /// response to corticosterone /// response to cAMP /// regulation of cell cycle /// embryonic process involved in female pregnancy /// labyrinthine layer blood vessel development /// cellular response to calcium ion	RNA polymerase II regulatory region sequence-specific DNA binding /// DNA binding /// DNA binding /// double-stranded DNA binding /// sequence-specific DNA binding transcription factor activity /// protein binding /// sequence-specific DNA binding	nucleus
1415998_at	Vdac1	voltage-dependent anion channel 1	---	behavioral fear response /// transport /// ion transport /// anion transport /// mitochondrial calcium ion transport /// apoptotic process /// synaptic transmission /// neuron-neuron synaptic transmission /// learning /// ion transmembrane transport /// regulation of ion transmembrane transport /// regulation of anion transport /// transmembrane transport	nucleotide binding /// anion channel activity /// protein binding /// voltage-gated anion channel activity /// voltage-gated anion channel activity /// porin activity /// protein complex binding	nucleus /// mitochondrion /// mitochondrion /// mitochondrial outer membrane /// mitochondrial outer membrane /// mitochondrial inner membrane /// mitochondrial inner membrane /// plasma membrane /// membrane /// integral component of membrane /// mitochondrial nucleoid /// protein complex /// pore complex /// extracellular vesicular exosome
1416038_at	Snd1	staphylococcal nuclease and tudor domain containing 1	---	osteoblast differentiation /// transcription, DNA-templated /// regulation of transcription, DNA-templated /// metabolic process /// gene silencing by RNA /// nucleic acid phosphodiester bond hydrolysis	nucleic acid binding /// nuclease activity /// protein binding /// hydrolase activity, acting on ester bonds /// poly(A) RNA binding	nucleus /// cytoplasm /// cytoplasm /// mitochondrion /// membrane /// RISC complex /// melanosome /// extracellular vesicular exosome /// dense body
1416147_at	Hspa4	heat shock protein 4	---	cell morphogenesis /// negative regulation of protein phosphorylation /// response to stress /// response to heat /// positive regulation of gene expression /// negative regulation of gene expression /// positive regulation of protein binding /// negative regulation of apoptotic process /// negative regulation of DNA binding /// protein import into mitochondrial outer membrane /// chaperone-mediated protein complex assembly /// negative regulation of cell death	nucleotide binding /// RNA polymerase II transcription factor binding /// protein binding /// ATP binding /// protein complex binding /// activating transcription factor binding	nucleus /// cytoplasm /// mitochondrion /// lipid particle /// cytosol /// extracellular vesicular exosome
1416207_at	Taz	tafazzin	---	muscle contraction /// heart development /// skeletal muscle tissue development /// metabolic process /// hemopoiesis /// cardiolipin biosynthetic process /// mitochondrial respiratory chain complex I assembly /// cristae formation /// mitochondrial ATP synthesis coupled electron transport /// phosphatidylglycerol metabolic process /// cardiac muscle tissue development /// cardiac muscle contraction /// negative regulation of canonical Wnt signaling pathway	transferase activity, transferring acyl groups /// 1-acylglycerophosphocholine O-acyltransferase activity	nucleus /// mitochondrion /// cytosol /// plasma membrane /// membrane
1416493_at	Ddost	dolichyl-di-phosphooligosaccharide-protein glycotransferase	---	protein glycosylation /// protein glycosylation /// protein N-linked glycosylation /// protein N-linked glycosylation via asparagine /// response to cytokine /// T cell activation	oligosaccharyl transferase activity /// dolichyl-diphosphooligosaccharide-protein glycotransferase activity /// protein binding /// transferase activity /// transferase activity, transferring glycosyl groups	endoplasmic reticulum /// endoplasmic reticulum membrane /// oligosaccharyltransferase complex /// membrane /// integral component of membrane /// intracellular membrane-bounded organelle /// protein complex
1416730_at	Rcl1	RNA terminal phosphate cyclase-like 1	---	rRNA processing /// RNA processing /// ribosome biogenesis	catalytic activity /// RNA-3'-phosphate cyclase activity	nucleus /// nucleolus
1416937_at	Gabarap	gamma-aminobutyric acid receptor associated protein	---	autophagic vacuole assembly /// microtubule cytoskeleton organization /// transport /// autophagy /// apoptotic process /// extrinsic apoptotic signaling pathway via death domain receptors /// protein transport	protein binding /// microtubule binding /// beta-tubulin binding /// GABA receptor binding	Golgi membrane /// autophagic vacuole membrane /// cytoplasm /// lysosome /// autophagic vacuole /// smooth endoplasmic reticulum /// Golgi apparatus /// cytoskeleton /// microtubule /// microtubule associated complex /// plasma membrane /// axoneme /// endomembrane system /// actin cytoskeleton /// membrane /// cytoplasmic vesicle /// cell body /// perinuclear region of cytoplasm
1417421_at	S100a1	S100 calcium binding protein A1	---	negative regulation of transcription from RNA polymerase II promoter /// regulation of heart contraction /// positive regulation of voltage-gated calcium channel activity	calcium ion binding /// protein binding /// identical protein binding /// protein homodimerization activity /// S100 protein binding /// metal ion binding /// calcium-dependent protein binding /// ATPase binding	nucleus /// cytoplasm /// sarcoplasmic reticulum /// sarcoplasmic reticulum /// Z disc /// M band /// A band /// I band /// neuron projection
1417724_at	Alyref	Aly/REF export factor	<a target="external" href="http://www.wikipathways.org/index.php/Pathway:Mus_musculus:mRNA_processing_binding_Reactome">mRNA_processing_binding_Reactome</a>	mRNA processing /// transport /// RNA splicing /// mRNA transport	nucleotide binding /// nucleic acid binding /// single-stranded DNA binding /// RNA binding	nucleus /// spliceosomal complex /// cytoplasm /// nuclear speck
1417727_at	Srsf9	serine/arginine-rich splicing factor 9	<a target="external" href="http://www.wikipathways.org/index.php/Pathway:Mus_musculus:mRNA_processing_binding_Reactome">mRNA_processing_binding_Reactome</a>	mRNA processing /// RNA splicing /// negative regulation of mRNA splicing, via spliceosome	nucleotide binding /// nucleic acid binding /// RNA binding /// protein binding /// poly(A) RNA binding	nucleus /// nucleolus
1417820_at	Tor1b	torsin family 1, member B	---	ATP catabolic process /// endoplasmic reticulum organization /// chaperone mediated protein folding requiring cofactor /// protein homooligomerization /// protein homooligomerization /// nuclear membrane organization	nucleotide binding /// protein binding /// ATP binding /// hydrolase activity /// ATPase activity /// nucleoside-triphosphatase activity	nucleus /// nuclear envelope /// nuclear envelope /// cytoplasm /// endoplasmic reticulum /// endoplasmic reticulum lumen /// endoplasmic reticulum lumen /// membrane /// nuclear membrane /// extracellular vesicular exosome
1417978_at	Eif4e3	eukaryotic translation initiation factor 4E member 3	<a target="external" href="http://www.wikipathways.org/index.php/Pathway:Mus_musculus:mRNA_processing_binding_Reactome">mRNA_processing_binding_Reactome</a>	translation /// translational initiation /// regulation of translation	RNA binding /// translation initiation factor activity	cytoplasm /// mRNA cap binding complex
1418150_at	Mtmr4	myotubularin related protein 4	---	response to denervation involved in regulation of muscle adaptation /// dephosphorylation /// peptidyl-tyrosine dephosphorylation	phosphoprotein phosphatase activity /// protein tyrosine phosphatase activity /// protein binding /// hydrolase activity /// phosphatase activity /// metal ion binding	extracellular space /// cytoplasm /// membrane
1418188_a_at	Malat1	metastasis associated lung adenocarcinoma transcript 1 (non-coding RNA)	---	regulation of alternative mRNA splicing, via spliceosome /// nuclear speck organization /// regulation of synapse organization /// positive regulation of myoblast proliferation	---	nuclear speck /// nuclear speck
1419035_s_at	Csnk2a1	casein kinase 2, alpha 1 polypeptide	---	transcription, DNA-templated /// regulation of transcription, DNA-templated /// protein phosphorylation /// protein phosphorylation /// apoptotic process /// cell cycle /// positive regulation of cell proliferation /// Wnt signaling pathway /// phosphorylation /// positive regulation of Wnt signaling pathway /// positive regulation of cell growth /// negative regulation of cysteine-type endopeptidase activity involved in apoptotic process /// positive regulation of protein catabolic process /// protein autophosphorylation /// rhythmic process /// regulation of catalytic activity /// mitotic spindle checkpoint	nucleotide binding /// protein kinase activity /// protein serine/threonine kinase activity /// protein tyrosine kinase activity /// protein binding /// ATP binding /// beta-catenin binding /// kinase activity /// transferase activity /// transferase activity, transferring phosphorus-containing groups /// protein phosphatase regulator activity /// protein N-terminus binding	nucleus /// protein kinase CK2 complex /// Sin3 complex /// NuRD complex /// PcG protein complex
1419068_at	Rabgef1	RAB guanine nucleotide exchange factor (GEF) 1	---	negative regulation of protein phosphorylation /// negative regulation of leukocyte migration /// transport /// endocytosis /// protein transport /// protein ubiquitination /// regulation of Rab GTPase activity /// negative regulation of mast cell activation /// negative regulation of mast cell degranulation /// negative regulation of Ras protein signal transduction /// negative regulation of receptor-mediated endocytosis /// negative regulation of inflammatory response /// regulation of Fc receptor mediated stimulatory signaling pathway /// regulation of Fc receptor mediated stimulatory signaling pathway /// negative regulation of interleukin-6 secretion /// negative regulation of Kit signaling pathway	DNA binding /// ubiquitin-protein transferase activity /// protein binding /// zinc ion binding /// Rab guanyl-nucleotide exchange factor activity /// metal ion binding	cytoplasm /// endosome /// early endosome /// vesicle /// recycling endosome
1419470_at	Gnb4	guanine nucleotide binding protein (G protein), beta 4	<a target="external" href="http://www.wikipathways.org/index.php/Pathway:Mus_musculus:Calcium_regulation_in_cardiac_cells">Calcium_regulation_in_cardiac_cells</a> /// <a target="external" href="http://www.wikipathways.org/index.php/Pathway:Mus_musculus:G_Protein_Signaling">G_Protein_Signaling</a> /// <a target="external" href="http://www.wikipathways.org/index.php/Pathway:Mus_musculus:Smooth_muscle_contraction">Smooth_muscle_contraction</a>	GTP catabolic process /// signal transduction /// G-protein coupled receptor signaling pathway	GTPase activity /// signal transducer activity /// protein binding /// protein complex binding	lysosomal membrane /// heterotrimeric G-protein complex /// cell body
1420037_at	Atp5a1	ATP synthase, H+ transporting, mitochondrial F1 complex, alpha subunit 1	---	negative regulation of endothelial cell proliferation /// ADP biosynthetic process /// ATP catabolic process /// ATP catabolic process /// lipid metabolic process /// ATP biosynthetic process /// transport /// ion transport /// embryo development /// ATP synthesis coupled proton transport /// ATP hydrolysis coupled proton transport /// proton transport /// ATP metabolic process /// hydrogen ion transmembrane transport	nucleotide binding /// ATP binding /// ATP binding /// hydrolase activity, acting on acid anhydrides, catalyzing transmembrane movement of substances /// ATPase activity /// MHC class I protein binding /// ADP binding /// poly(A) RNA binding /// proton-transporting ATP synthase activity, rotational mechanism /// proton-transporting ATPase activity, rotational mechanism	mitochondrial proton-transporting ATP synthase complex, catalytic core F(1) /// mitochondrion /// mitochondrion /// mitochondrial inner membrane /// mitochondrial inner membrane /// mitochondrial proton-transporting ATP synthase complex /// plasma membrane /// COP9 signalosome /// membrane /// proton-transporting two-sector ATPase complex, catalytic domain /// proton-transporting ATP synthase complex, catalytic core F(1) /// extracellular vesicular exosome
1420172_at	Myh9	myosin, heavy polypeptide 9, non-muscle	---	meiotic spindle organization /// cell morphogenesis involved in differentiation /// cytokinesis /// angiogenesis /// in utero embryonic development /// establishment of T cell polarity /// ATP catabolic process /// membrane protein ectodomain proteolysis /// cellular component movement /// cell adhesion /// myoblast fusion /// regulation of cell shape /// regulation of cell shape /// protein transport /// single organismal cell-cell adhesion /// actin filament-based movement /// platelet formation /// actomyosin structure organization /// actin cytoskeleton reorganization /// uropod organization /// blood vessel endothelial cell migration /// establishment of meiotic spindle localization	microfilament motor activity /// nucleotide binding /// motor activity /// actin binding /// protein binding /// calmodulin binding /// ATP binding /// ATPase activity /// actin-dependent ATPase activity /// protein homodimerization activity /// protein anchor /// ADP binding /// poly(A) RNA binding /// actin filament binding	stress fiber /// stress fiber /// ruffle /// immunological synapse /// immunological synapse /// uropod /// uropod /// nucleus /// cytoplasm /// cytoplasm /// spindle /// actomyosin contractile ring /// cytosol /// cytoskeleton /// plasma membrane /// plasma membrane /// cell-cell adherens junction /// cell cortex /// COP9 signalosome /// integrin complex /// actin cytoskeleton /// myosin complex /// myosin II complex /// myosin II complex /// cortical cytoskeleton /// cell leading edge /// neuromuscular junction /// cleavage furrow /// actomyosin /// protein complex /// extracellular vesicular exosome /// myosin II filament
1420957_at	Apc	adenomatosis polyposis coli	<a target="external" href="http://www.wikipathways.org/index.php/Pathway:Mus_musculus:Wnt_Signaling">Wnt_Signaling</a>	mitotic cytokinesis /// mitotic cytokinesis /// kidney development /// hair follicle development /// protein complex assembly /// cellular response to DNA damage stimulus /// negative regulation of microtubule depolymerization /// negative regulation of microtubule depolymerization /// cell cycle arrest /// metaphase/anaphase transition of mitotic cell cycle /// metaphase/anaphase transition of mitotic cell cycle /// mitotic spindle assembly checkpoint /// establishment or maintenance of cell polarity /// pattern specification process /// axonogenesis /// axonogenesis /// negative regulation of cell proliferation /// negative regulation of cell proliferation /// negative regulation of cell proliferation /// axis specification /// anterior/posterior pattern specification /// dorsal/ventral pattern formation /// proximal/distal pattern formation /// Wnt signaling pathway /// Wnt signaling pathway /// cell migration /// cell migration /// stem cell maintenance /// negative regulation of Wnt signaling pathway /// negative regulation of Wnt signaling pathway /// regulation of cell migration /// regulation of cell migration /// positive regulation of cell migration /// positive regulation of cell migration /// regulation of epithelial cell differentiation /// positive regulation of epithelial cell differentiation /// positive regulation of microtubule polymerization /// cytoplasmic microtubule organization /// neuron projection development /// positive regulation of pseudopodium assembly /// regulation of microtubule-based process /// T cell differentiation in thymus /// somatic stem cell maintenance /// somatic stem cell maintenance /// negative regulation of odontogenesis /// positive regulation of apoptotic process /// positive regulation of apoptotic process /// negative regulation of apoptotic process /// negative regulation of MAPK cascade /// negative regulation of MAPK cascade /// skin development /// canonical Wnt signaling pathway involved in negative regulation of apoptotic process /// canonical Wnt signaling pathway involved in positive regulation of apoptotic process /// regulation of cell differentiation /// positive regulation of cell differentiation /// regulation of osteoblast differentiation /// regulation of osteoclast differentiation /// positive regulation of protein catabolic process /// positive regulation of protein catabolic process /// negative regulation of cyclin-dependent protein serine/threonine kinase activity /// positive regulation of cell adhesion /// muscle cell cellular homeostasis /// thymus development /// negative regulation of epithelial cell proliferation /// negative regulation of epithelial cell proliferation /// regulation of nitrogen compound metabolic process /// chromosome organization /// chromosome organization /// regulation of cell cycle /// positive regulation of cell division /// regulation of attachment of spindle microtubules to kinetochore /// regulation of attachment of spindle microtubules to kinetochore /// retina development in camera-type eye /// canonical Wnt signaling pathway /// negative regulation of epithelial cell proliferation involved in prostate gland development /// negative regulation of canonical Wnt signaling pathway /// negative regulation of canonical Wnt signaling pathway /// regulation of glutamate metabolic process	protease binding /// binding /// protein binding /// beta-catenin binding /// beta-catenin binding /// beta-catenin binding /// microtubule binding /// protein kinase regulator activity /// protein kinase binding /// protein complex binding /// gamma-catenin binding /// microtubule plus-end binding /// microtubule plus-end binding	kinetochore /// nucleus /// nucleus /// cytoplasm /// cytoplasm /// centrosome /// cytoskeleton /// microtubule /// cytoplasmic microtubule /// plasma membrane /// adherens junction /// cell-cell adherens junction /// tight junction /// cell cortex /// membrane /// lateral plasma membrane /// lamellipodium /// cell junction /// axon /// dendrite /// growth cone /// growth cone /// beta-catenin destruction complex /// cell projection membrane /// nuclear membrane /// ruffle membrane /// Scrib-APC-beta-catenin complex /// microtubule plus-end /// cell projection /// neuron projection /// neuronal cell body /// protein complex /// axonal growth cone /// axonal growth cone /// neuron projection terminus /// synapse /// cell body fiber
1421268_at	Ugcg	UDP-glucose ceramide glucosyltransferase	---	lipid metabolic process /// sphingolipid metabolic process	ceramide glucosyltransferase activity /// transferase activity /// transferase activity, transferring glycosyl groups	Golgi membrane /// Golgi apparatus /// membrane /// integral component of membrane
1421346_a_at	Slc6a6	solute carrier family 6 (neurotransmitter transporter, taurine), member 6	---	beta-alanine transport /// amino acid transmembrane transport /// transport /// neurotransmitter transport /// taurine transport /// taurine transport /// taurine transport /// organic acid transport /// sodium ion transmembrane transport /// transmembrane transport /// transmembrane transport	beta-alanine transmembrane transporter activity /// neurotransmitter:sodium symporter activity /// taurine transmembrane transporter activity /// taurine:sodium symporter activity /// symporter activity /// taurine binding	plasma membrane /// integral component of plasma membrane /// membrane /// integral component of membrane
1421933_at	Cbx5	chromobox 5	---	negative regulation of transcription, DNA-templated /// negative regulation of transcription, DNA-templated	chromatin binding /// protein binding /// enzyme binding /// protein binding, bridging /// methylated histone binding /// protein homodimerization activity /// histone deacetylase binding /// repressing transcription factor binding /// histone methyltransferase binding	histone deacetylase complex /// chromosome, centromeric region /// kinetochore /// heterochromatin /// nucleus /// nucleus /// chromosome /// nuclear heterochromatin /// nucleolus /// nucleolus /// cytoplasm /// chromocenter /// PML body /// transcriptional repressor complex /// histone methyltransferase complex
1422154_at	Gpr27	G protein-coupled receptor 27	<a target="external" href="http://www.wikipathways.org/index.php/Pathway:Mus_musculus:GPCRDB_Class_A_Rhodopsin-like">GPCRDB_Class_A_Rhodopsin-like</a>	signal transduction /// G-protein coupled receptor signaling pathway	signal transducer activity /// G-protein coupled receptor activity	plasma membrane /// membrane /// integral component of membrane
1422607_at	Etv1 /// Gm5454	ets variant 1 /// predicted gene 5454	---	transcription, DNA-templated /// regulation of transcription, DNA-templated /// regulation of transcription from RNA polymerase II promoter /// transcription from RNA polymerase II promoter /// axon guidance /// muscle organ development /// mechanosensory behavior /// positive regulation of transcription, DNA-templated	sequence-specific DNA binding RNA polymerase II transcription factor activity /// DNA binding /// sequence-specific DNA binding transcription factor activity /// protein binding /// sequence-specific DNA binding	nucleus
1422801_at	G3bp1	GTPase activating protein (SH3 domain) binding protein 1	<a target="external" href="http://www.wikipathways.org/index.php/Pathway:Mus_musculus:mRNA_processing_binding_Reactome">mRNA_processing_binding_Reactome</a>	transport /// metabolic process /// negative regulation of canonical Wnt signaling pathway /// nucleic acid phosphodiester bond hydrolysis	nucleotide binding /// nucleic acid binding /// DNA binding /// RNA binding /// mRNA binding /// helicase activity /// nuclease activity /// endonuclease activity /// protein binding /// ATP binding /// hydrolase activity /// poly(A) RNA binding	intracellular /// nucleus /// cytoplasm /// cytosol /// plasma membrane /// cytoplasmic stress granule /// membrane
1422993_s_at	Alyref /// Alyref2	Aly/REF export factor /// Aly/REF export factor 2	<a target="external" href="http://www.wikipathways.org/index.php/Pathway:Mus_musculus:mRNA_processing_binding_Reactome">mRNA_processing_binding_Reactome</a>	mRNA processing /// transport /// RNA splicing /// mRNA transport /// mRNA transport	nucleotide binding /// nucleic acid binding /// single-stranded DNA binding /// RNA binding	nucleus /// nucleus /// spliceosomal complex /// cytoplasm /// nuclear speck
1423025_a_at	Gm21949 /// Schip1	predicted gene, 21949 /// schwannomin interacting protein 1	---	luteinization /// kidney development /// nitrogen compound metabolic process /// estrogen metabolic process /// female gonad development /// post-embryonic development /// fibroblast migration /// platelet-derived growth factor receptor signaling pathway /// skeletal system morphogenesis /// smooth muscle tissue development /// palate development /// face morphogenesis	protein binding /// identical protein binding /// protein homodimerization activity	cytoplasm
1423263_at	Gm10257 /// Gm12657 /// Gm6749 /// H3f3a /// H3f3b /// H3f3c	predicted gene 10257 /// predicted gene 12657 /// predicted pseudogene 6749 /// H3 histone, family 3A /// H3 histone, family 3B /// H3 histone, family 3C	---	osteoblast differentiation /// nucleosome assembly /// nucleus organization /// brain development /// response to hormone /// muscle cell differentiation /// regulation of centromere complex assembly /// negative regulation of chromosome condensation	RNA polymerase II core promoter sequence-specific DNA binding /// RNA polymerase II distal enhancer sequence-specific DNA binding /// DNA binding /// protein binding /// nucleosomal DNA binding /// protein heterodimerization activity	nuclear chromosome /// nucleosome /// nuclear nucleosome /// Barr body /// nucleus /// nucleus /// nucleoplasm /// chromosome /// protein complex /// extracellular vesicular exosome
1423265_at	Minpp1	multiple inositol polyphosphate histidine phosphatase 1	---	metabolic process /// dephosphorylation	acid phosphatase activity /// inositol-hexakisphosphate phosphatase activity /// hydrolase activity /// phosphatase activity /// inositol-1,3,4,5,6-pentakisphosphate 3-phosphatase activity /// inositol-1,4,5,6-tetrakisphosphate 6-phosphatase activity /// bisphosphoglycerate 3-phosphatase activity /// inositol hexakisphosphate 2-phosphatase activity	endoplasmic reticulum /// endoplasmic reticulum lumen /// plasma membrane /// membrane
1423451_at	Pgrmc1	progesterone receptor membrane component 1	---	axon guidance	steroid binding /// protein binding /// lipid binding /// heme binding	nucleus /// nucleolus /// endoplasmic reticulum /// endoplasmic reticulum membrane /// cell surface /// membrane /// integral component of membrane /// organelle membrane /// intracellular membrane-bounded organelle
1423519_at	Abhd17c	abhydrolase domain containing 17C	---	proteolysis /// metabolic process	GPI-anchor transamidase activity /// serine-type peptidase activity /// hydrolase activity /// coenzyme F390-A hydrolase activity /// coenzyme F390-G hydrolase activity	---
1423589_at	Arpc4	actin related protein 2/3 complex, subunit 4	---	actin filament polymerization /// Arp2/3 complex-mediated actin nucleation	actin binding /// protein binding /// enzyme binding /// protein binding, bridging	cytoplasm /// cytoskeleton /// Arp2/3 protein complex /// Arp2/3 protein complex /// cell projection /// extracellular vesicular exosome
1423730_at	Clptm1l	CLPTM1-like	---	apoptotic process	---	membrane /// integral component of membrane
1423746_at	Txndc5	thioredoxin domain containing 5	---	protein folding /// glycerol ether metabolic process /// response to endoplasmic reticulum stress /// apoptotic cell clearance /// cell redox homeostasis	protein disulfide isomerase activity /// protein binding /// electron carrier activity /// protein disulfide oxidoreductase activity /// isomerase activity	endoplasmic reticulum /// endoplasmic reticulum lumen /// extracellular vesicular exosome
1423973_a_at	Arf3	ADP-ribosylation factor 3	---	transport /// intracellular protein transport /// G-protein coupled receptor signaling pathway /// small GTPase mediated signal transduction /// protein transport /// vesicle-mediated transport	nucleotide binding /// GTPase activity /// signal transducer activity /// GTP binding /// guanyl nucleotide binding /// G-protein beta/gamma-subunit complex binding	intracellular /// nucleus /// cytoplasm /// Golgi apparatus /// perinuclear region of cytoplasm /// extracellular vesicular exosome
1424062_at	Ube2d1	ubiquitin-conjugating enzyme E2D 1	---	protein polyubiquitination /// protein polyubiquitination /// ubiquitin-dependent protein catabolic process /// protein ubiquitination /// positive regulation of protein ubiquitination /// protein K48-linked ubiquitination	nucleotide binding /// ubiquitin-protein transferase activity /// ubiquitin-protein transferase activity /// protein binding /// ATP binding /// ligase activity /// acid-amino acid ligase activity	ubiquitin ligase complex /// cytoplasm /// protein complex
1424064_at	Rab1b	RAB1B, member RAS oncogene family	---	GTP catabolic process /// transport /// intracellular protein transport /// nucleocytoplasmic transport /// signal transduction /// small GTPase mediated signal transduction /// protein transport	nucleotide binding /// GTPase activity /// protein binding /// GTP binding	intracellular /// nucleus /// cytoplasm /// mitochondrion /// endoplasmic reticulum-Golgi intermediate compartment /// Golgi apparatus /// membrane /// extracellular vesicular exosome
1424085_at	Ndufa4	NADH dehydrogenase (ubiquinone) 1 alpha subcomplex, 4	<a target="external" href="http://www.wikipathways.org/index.php/Pathway:Mus_musculus:Electron_Transport_Chain">Electron_Transport_Chain</a>	transport /// oxidation-reduction process /// hydrogen ion transmembrane transport	cytochrome-c oxidase activity /// protein complex binding	mitochondrion /// mitochondrion /// mitochondrial inner membrane /// mitochondrial respiratory chain complex I /// mitochondrial respiratory chain complex IV /// mitochondrial respiratory chain complex IV /// membrane /// respiratory chain
1424377_at	Rsl24d1	ribosomal L24 domain containing 1	---	ribosome biogenesis	---	nucleus /// nucleolus
1424572_a_at	H2afy	H2A histone family, member Y	---	negative regulation of transcription from RNA polymerase II promoter /// nucleosome assembly /// dosage compensation /// chromatin modification /// negative regulation of histone phosphorylation /// negative regulation of gene expression, epigenetic /// establishment of protein localization to chromatin /// negative regulation of protein serine/threonine kinase activity /// negative regulation of transcription of nuclear large rRNA transcript from RNA polymerase I promoter /// negative regulation of transcription of nuclear large rRNA transcript from RNA polymerase I promoter /// negative regulation of cell cycle G2/M phase transition	rDNA binding /// DNA binding /// chromatin binding /// protein binding /// double-stranded methylated DNA binding /// protein kinase binding /// protein serine/threonine kinase inhibitor activity /// chromatin DNA binding /// transcription regulatory region DNA binding /// protein heterodimerization activity	nucleosome /// nuclear chromatin /// condensed chromosome /// Barr body /// nucleus /// nucleus /// chromosome /// nucleolus /// centrosome /// ESC/E(Z) complex
1426114_at	Hnrnpab	heterogeneous nuclear ribonucleoprotein A/B	<a target="external" href="http://www.wikipathways.org/index.php/Pathway:Mus_musculus:mRNA_processing_binding_Reactome">mRNA_processing_binding_Reactome</a>	negative regulation of transcription from RNA polymerase II promoter /// epithelial to mesenchymal transition /// transcription, DNA-templated /// regulation of transcription, DNA-templated /// positive regulation of transcription, DNA-templated	nucleotide binding /// nucleic acid binding /// DNA binding /// sequence-specific DNA binding transcription factor activity /// RNA binding /// protein binding /// sequence-specific DNA binding /// poly(A) RNA binding	nucleus /// cytoplasm /// virion /// viral nucleocapsid /// ribonucleoprotein complex
1426358_at	Taok1	TAO kinase 1	---	MAPK cascade /// activation of MAPKK activity /// DNA repair /// protein phosphorylation /// apoptotic process /// response to stress /// cellular response to DNA damage stimulus /// phosphorylation /// G2 DNA damage checkpoint /// positive regulation of stress-activated MAPK cascade /// intracellular signal transduction /// positive regulation of protein kinase activity /// positive regulation of JNK cascade /// regulation of cytoskeleton organization /// execution phase of apoptosis	nucleotide binding /// DNA binding /// protein kinase activity /// protein serine/threonine kinase activity /// MAP kinase kinase kinase activity /// protein tyrosine kinase activity /// protein binding /// ATP binding /// kinase activity /// transferase activity /// transferase activity, transferring phosphorus-containing groups /// protein kinase binding /// protein kinase activator activity	cytoplasm /// extracellular vesicular exosome
1426437_s_at	Hdac3	histone deacetylase 3	<a target="external" href="http://www.wikipathways.org/index.php/Pathway:Mus_musculus:Cell_Cycle_KEGG">Cell_Cycle_KEGG</a>	negative regulation of transcription from RNA polymerase II promoter /// transcription, DNA-templated /// regulation of transcription, DNA-templated /// protein deacetylation /// regulation of mitotic cell cycle /// chromatin modification /// histone deacetylation /// histone deacetylation /// histone deacetylation /// circadian regulation of gene expression /// regulation of multicellular organism growth /// negative regulation of transcription, DNA-templated /// negative regulation of JNK cascade /// spindle assembly /// histone H3 deacetylation /// histone H4 deacetylation	DNA binding /// chromatin binding /// chromatin binding /// transcription corepressor activity /// histone deacetylase activity /// histone deacetylase activity /// protein binding /// transcription factor binding /// transcription factor binding /// hydrolase activity /// enzyme binding /// cyclin binding /// histone deacetylase activity (H3-K14 specific) /// chromatin DNA binding /// NAD-dependent histone deacetylase activity (H3-K14 specific) /// histone deacetylase activity (H3-K9 specific) /// protein deacetylase activity /// histone deacetylase activity (H4-K16 specific) /// histone deacetylase binding /// NAD-dependent histone deacetylase activity (H3-K9 specific) /// NAD-dependent histone deacetylase activity (H4-K16 specific) /// NAD-dependent histone deacetylase activity (H3-K18 specific)	histone deacetylase complex /// chromatin /// nucleus /// nucleus /// nucleus /// nucleoplasm /// cytoplasm /// cytoplasm /// spindle microtubule /// transcriptional repressor complex
1426811_at	Ppp2r5b	protein phosphatase 2, regulatory subunit B', beta	<a target="external" href="http://www.wikipathways.org/index.php/Pathway:Mus_musculus:Glycogen_Metabolism">Glycogen_Metabolism</a>	regulation of protein phosphorylation /// signal transduction /// regulation of receptor activity /// positive regulation of neuron projection development /// positive regulation of protein complex assembly /// regulation of protein autophosphorylation /// positive regulation of transcription from RNA polymerase II promoter /// regulation of peptidyl-tyrosine phosphorylation /// regulation of catalytic activity /// positive regulation of sequence-specific DNA binding transcription factor activity /// positive regulation of neurotrophin TRK receptor signaling pathway /// negative regulation of G0 to G1 transition /// positive regulation of cell cycle arrest /// cellular response to growth factor stimulus	binding /// protein binding /// protein phosphatase type 2A regulator activity	protein phosphatase type 2A complex
1427150_at	Kmt2c	lysine (K)-specific methyltransferase 2C	---	transcription, DNA-templated /// regulation of transcription, DNA-templated /// chromatin modification /// histone methylation /// peptidyl-lysine methylation /// methylation /// intracellular signal transduction /// histone H3-K4 methylation	DNA binding /// protein binding /// methyltransferase activity /// zinc ion binding /// transferase activity /// histone-lysine N-methyltransferase activity /// histone methyltransferase activity (H3-K4 specific) /// poly(A) RNA binding /// metal ion binding	nucleus /// histone methyltransferase complex
1427677_a_at	Sox6	SRY (sex determining region Y)-box 6	---	negative regulation of transcription from RNA polymerase II promoter /// negative regulation of transcription from RNA polymerase II promoter /// cell morphogenesis /// in utero embryonic development /// transcription, DNA-templated /// regulation of transcription, DNA-templated /// multicellular organismal development /// post-embryonic development /// regulation of gene expression /// gene silencing /// oligodendrocyte cell fate specification /// hemopoiesis /// erythrocyte differentiation /// positive regulation of chondrocyte differentiation /// positive regulation of chondrocyte differentiation /// cardiocyte differentiation /// muscle cell differentiation /// cell fate commitment /// negative regulation of transcription, DNA-templated /// positive regulation of transcription, DNA-templated /// positive regulation of transcription from RNA polymerase II promoter /// astrocyte differentiation /// oligodendrocyte differentiation /// erythrocyte development /// cartilage development /// cardiac muscle cell differentiation /// positive regulation of cartilage development /// cellular response to transforming growth factor beta stimulus /// positive regulation of mesenchymal stem cell differentiation	DNA binding /// sequence-specific DNA binding transcription factor activity /// sequence-specific DNA binding transcription factor activity /// protein binding /// sequence-specific DNA binding /// transcription regulatory region DNA binding /// protein heterodimerization activity	nucleus /// nucleus /// nucleus /// transcription factor complex
1428730_at	Krit1	KRIT1, ankyrin repeat containing	---	angiogenesis /// negative regulation of endothelial cell proliferation /// negative regulation of endothelial cell migration /// negative regulation of angiogenesis /// negative regulation of angiogenesis /// positive regulation of protein binding /// cell redox homeostasis /// cell redox homeostasis /// regulation of catalytic activity /// regulation of establishment of cell polarity /// regulation of establishment of cell polarity /// negative regulation of endothelial cell apoptotic process	small GTPase regulator activity /// protein binding /// phosphatidylinositol-4,5-bisphosphate binding /// microtubule binding /// protein complex binding	extracellular space /// cytoplasm /// cytoskeleton /// microtubule /// plasma membrane /// cell-cell junction /// membrane /// cell junction /// protein complex
1428907_at	Rbm25	RNA binding motif protein 25	<a target="external" href="http://www.wikipathways.org/index.php/Pathway:Mus_musculus:mRNA_processing_binding_Reactome">mRNA_processing_binding_Reactome</a>	regulation of alternative mRNA splicing, via spliceosome /// regulation of alternative mRNA splicing, via spliceosome /// mRNA processing /// apoptotic process /// RNA splicing /// regulation of apoptotic process /// regulation of apoptotic process /// execution phase of apoptosis	nucleotide binding /// nucleic acid binding /// RNA binding /// mRNA binding /// mRNA binding /// protein binding	nucleus /// cytoplasm /// nuclear speck /// nuclear speck
1429433_at	Prrc2c	proline-rich coiled-coil 2C	---	hematopoietic progenitor cell differentiation	protein C-terminus binding /// poly(A) RNA binding	---
1429956_at	Tbata	thymus, brain and testes associated	---	multicellular organismal development /// spermatogenesis /// cell differentiation /// spermatid differentiation	protein binding	nucleus /// cytoplasm /// cytosol
1430037_at	Snx27	sorting nexin family member 27	---	transport /// intracellular protein transport /// cell communication /// signal transduction /// endosome to lysosome transport /// protein transport /// endosomal transport /// endosomal transport /// retrograde transport, endosome to plasma membrane	protein binding /// lipid binding /// phosphatidylinositol-3-phosphate binding /// phosphatidylinositol binding	immunological synapse /// intracellular /// cell /// nucleus /// cytoplasm /// endosome /// early endosome /// cytosol /// membrane /// retromer complex /// early endosome membrane /// WASH complex
1430784_a_at	Rptor	regulatory associated protein of MTOR, complex 1	---	positive regulation of endothelial cell proliferation /// regulation of cell size /// cell growth /// cellular response to nutrient levels /// TOR signaling /// positive regulation of TOR signaling /// regulation of phosphorylation /// positive regulation of transcription from RNA polymerase III promoter /// cellular response to amino acid stimulus /// positive regulation of protein serine/threonine kinase activity	RNA polymerase III type 1 promoter DNA binding /// RNA polymerase III type 2 promoter DNA binding /// RNA polymerase III type 3 promoter DNA binding /// TFIIIC-class transcription factor binding /// binding /// protein binding /// protein kinase binding /// protein complex binding /// 14-3-3 protein binding	cytoplasm /// lysosome /// lysosomal membrane /// dendrite /// TORC1 complex /// neuronal cell body
1431036_a_at	Gm21540 /// Tmed2	predicted gene, 21540 /// transmembrane emp24 domain trafficking protein 2	---	in utero embryonic development /// somitogenesis /// neural tube closure /// embryonic placenta development /// maternal placenta development /// heart looping /// transport /// intracellular protein transport /// Golgi organization /// positive regulation of gene expression /// protein transport /// vesicle-mediated transport /// somite rostral/caudal axis specification /// negative regulation of GTPase activity /// multicellular organism growth /// post-anal tail morphogenesis /// embryonic morphogenesis /// protein targeting to plasma membrane	protein binding	endoplasmic reticulum /// endoplasmic reticulum membrane /// endoplasmic reticulum-Golgi intermediate compartment /// Golgi apparatus /// membrane /// integral component of membrane /// COPI-coated vesicle /// cytoplasmic vesicle membrane /// COPI-coated vesicle membrane /// cytoplasmic vesicle /// Golgi cisterna membrane /// endoplasmic reticulum-Golgi intermediate compartment membrane /// zymogen granule membrane /// intracellular membrane-bounded organelle
1431390_a_at	Polr2m	polymerase (RNA) II (DNA directed) polypeptide M	---	transcription, DNA-templated /// RNA biosynthetic process /// maintenance of ER location	DNA-directed RNA polymerase activity	nucleus /// nuclear envelope /// DNA-directed RNA polymerase II, holoenzyme /// neuronal cell body
1433931_at	R3hdm4	R3H domain containing 4	---	---	nucleic acid binding	nucleus
1433932_x_at	R3hdm4	R3H domain containing 4	---	---	nucleic acid binding	nucleus
1434023_at	Cep120	centrosomal protein 120	---	microtubule cytoskeleton organization /// cell proliferation /// cerebral cortex development /// neurogenesis /// interkinetic nuclear migration /// astral microtubule organization /// regulation of protein localization /// regulation of microtubule-based process	protein binding /// protein C-terminus binding	cytoplasm /// centrosome /// centrosome /// microtubule organizing center /// cytoskeleton
1434078_at	Ubfd1	ubiquitin family domain containing 1	---	---	protein binding /// poly(A) RNA binding	---
1434415_at	Dact3	dapper homolog 3, antagonist of beta-catenin (xenopus)	---	negative regulation of epithelial to mesenchymal transition /// Wnt signaling pathway /// negative regulation of Wnt signaling pathway /// negative regulation of cell growth /// negative regulation of catenin import into nucleus /// negative regulation of canonical Wnt signaling pathway	protein kinase C binding /// protein binding /// identical protein binding /// protein kinase A binding /// delta-catenin binding	cytoplasm
1434894_at	Zc3h13	zinc finger CCCH type containing 13	---	---	protein binding /// metal ion binding	---
1435869_s_at	Ap2a2	adaptor-related protein complex 2, alpha 2 subunit	---	transport /// intracellular protein transport /// endocytosis /// protein transport /// vesicle-mediated transport	binding /// protein binding /// lipid binding /// protein transporter activity /// protein kinase binding	plasma membrane /// coated pit /// membrane /// membrane coat /// clathrin adaptor complex /// secretory granule
1435942_at	Kcnq2	potassium voltage-gated channel, subfamily Q, member 2	---	transport /// ion transport /// potassium ion transport /// transmission of nerve impulse /// regulation of ion transmembrane transport /// transmembrane transport /// membrane hyperpolarization /// potassium ion transmembrane transport	ion channel activity /// voltage-gated ion channel activity /// voltage-gated potassium channel activity /// delayed rectifier potassium channel activity /// potassium channel activity /// ankyrin binding /// protein N-terminus binding	plasma membrane /// voltage-gated potassium channel complex /// membrane /// integral component of membrane /// node of Ranvier /// axon initial segment /// protein complex
1436184_at	Znf512b	zinc finger protein 512B	---	---	metal ion binding	nucleus
1436451_a_at	Gm21540 /// Tmed2	predicted gene, 21540 /// transmembrane emp24 domain trafficking protein 2	---	in utero embryonic development /// somitogenesis /// neural tube closure /// embryonic placenta development /// maternal placenta development /// heart looping /// transport /// intracellular protein transport /// Golgi organization /// positive regulation of gene expression /// protein transport /// vesicle-mediated transport /// somite rostral/caudal axis specification /// negative regulation of GTPase activity /// multicellular organism growth /// post-anal tail morphogenesis /// embryonic morphogenesis /// protein targeting to plasma membrane	protein binding	endoplasmic reticulum /// endoplasmic reticulum membrane /// endoplasmic reticulum-Golgi intermediate compartment /// Golgi apparatus /// membrane /// integral component of membrane /// COPI-coated vesicle /// cytoplasmic vesicle membrane /// COPI-coated vesicle membrane /// cytoplasmic vesicle /// Golgi cisterna membrane /// endoplasmic reticulum-Golgi intermediate compartment membrane /// zymogen granule membrane /// intracellular membrane-bounded organelle
1436844_at	Pura	purine rich element binding protein A	<a target="external" href="http://www.wikipathways.org/index.php/Pathway:Homo_sapiens:Circadian_Exercise">Circadian_Exercise</a> /// <a target="external" href="http://www.wikipathways.org/index.php/Pathway:Mus_musculus:Circadian_Exercise">Circadian_Exercise</a> /// <a target="external" href="http://www.wikipathways.org/index.php/Pathway:Mus_musculus:Nucleotide_Metabolism">Nucleotide_Metabolism</a>	DNA unwinding involved in DNA replication /// DNA replication initiation /// transcription, DNA-templated /// regulation of transcription, DNA-templated /// regulation of transcription from RNA polymerase II promoter /// transcription from RNA polymerase II promoter /// apoptotic process /// mitotic cell cycle checkpoint /// nervous system development /// cell proliferation /// positive regulation of cell proliferation /// negative regulation of translation /// cell differentiation /// negative regulation of transcription, DNA-templated	translation repressor activity, nucleic acid binding /// DNA binding /// double-stranded DNA binding /// double-stranded telomeric DNA binding /// single-stranded DNA binding /// sequence-specific DNA binding transcription factor activity /// RNA polymerase II distal enhancer sequence-specific DNA binding transcription factor activity /// protein binding /// transcription factor binding /// purine-rich negative regulatory element binding /// poly(A) RNA binding /// SMAD binding	nuclear chromosome, telomeric region /// nucleus /// nucleus /// DNA replication factor A complex /// cytoplasm /// dendrite /// neuronal cell body
1436876_at	Rgs7bp	regulator of G-protein signalling 7 binding protein	---	G-protein coupled receptor signaling pathway /// negative regulation of signal transduction	protein binding	nucleus /// cytoplasm /// plasma membrane /// membrane
1436884_x_at	Ewsr1	Ewing sarcoma breakpoint region 1	<a target="external" href="http://www.wikipathways.org/index.php/Pathway:Mus_musculus:mRNA_processing_binding_Reactome">mRNA_processing_binding_Reactome</a>	transcription, DNA-templated /// regulation of transcription, DNA-templated	nucleotide binding /// nucleic acid binding /// RNA binding /// protein binding /// calmodulin binding /// zinc ion binding /// identical protein binding /// metal ion binding	nucleus /// cytoplasm /// plasma membrane /// membrane
1437179_at	Rif1	Rap1 interacting factor 1 homolog (yeast)	---	telomere maintenance /// cellular response to DNA damage stimulus /// cell cycle /// stem cell maintenance	binding /// protein binding	chromosome, telomeric region /// female pronucleus /// male pronucleus /// nucleus /// nucleus /// chromosome /// nucleolus /// cytoplasm /// spindle /// cytoskeleton /// plasma membrane
1437448_s_at	Ctnnd1	catenin (cadherin associated protein), delta 1	---	morphogenesis of a polarized epithelium /// transcription, DNA-templated /// regulation of transcription, DNA-templated /// cell adhesion /// brain development /// salivary gland morphogenesis /// Wnt signaling pathway /// single organismal cell-cell adhesion /// keratinocyte differentiation /// epithelial cell differentiation involved in salivary gland development /// negative regulation of canonical Wnt signaling pathway	receptor binding /// binding /// protein binding /// protein kinase binding /// protein phosphatase binding /// protein domain specific binding /// cadherin binding /// cell adhesion molecule binding	nucleus /// cytoplasm /// cytosol /// plasma membrane /// plasma membrane /// cell-cell junction /// cell-cell adherens junction /// zonula adherens /// tight junction /// membrane /// lamellipodium /// lamellipodium /// growth cone /// midbody /// dendritic spine /// synapse /// extracellular vesicular exosome
1437628_s_at	Rhoa	ras homolog gene family, member A	<a target="external" href="http://www.wikipathways.org/index.php/Pathway:Mus_musculus:G13_Signaling_Pathway">G13_Signaling_Pathway</a> /// <a target="external" href="http://www.wikipathways.org/index.php/Pathway:Mus_musculus:G_Protein_Signaling">G_Protein_Signaling</a> /// <a target="external" href="http://www.wikipathways.org/index.php/Pathway:Mus_musculus:Wnt_Signaling">Wnt_Signaling</a>	cell morphogenesis /// response to hypoxia /// GTP catabolic process /// GTP catabolic process /// regulation of transcription from RNA polymerase II promoter /// cytoskeleton organization /// cell cycle /// cell adhesion /// cell-matrix adhesion /// signal transduction /// integrin-mediated signaling pathway /// small GTPase mediated signal transduction /// Rho protein signal transduction /// skeletal muscle tissue development /// regulation of actin polymerization or depolymerization /// response to mechanical stimulus /// response to glucose /// protein transport /// cerebral cortex cell migration /// forebrain radial glial cell differentiation /// actin cytoskeleton organization /// cell differentiation /// positive regulation of cell growth /// regulation of cell migration /// positive regulation of cell migration /// androgen receptor signaling pathway /// positive regulation of actin filament polymerization /// stress-activated protein kinase signaling cascade /// positive regulation of cytokinesis /// negative regulation of intracellular steroid hormone receptor signaling pathway /// regulation of osteoblast proliferation /// cleavage furrow formation /// response to drug /// positive regulation of I-kappaB kinase/NF-kappaB signaling /// negative regulation of I-kappaB kinase/NF-kappaB signaling /// stress fiber assembly /// response to amino acid /// positive regulation of cysteine-type endopeptidase activity involved in apoptotic process /// apical junction assembly /// apical junction assembly /// negative regulation of neuron apoptotic process /// positive regulation of neuron apoptotic process /// ossification involved in bone maturation /// response to ethanol /// negative regulation of neuron differentiation /// positive regulation of neuron differentiation /// positive regulation of translation /// positive regulation of cell adhesion /// positive regulation of vasoconstriction /// positive regulation of smooth muscle contraction /// neuron projection morphogenesis /// regulation of dendrite development /// cell division /// response to glucocorticoid /// positive regulation of stress fiber assembly /// regulation of calcium ion transport /// negative regulation of cell death /// trabecula morphogenesis /// positive regulation of podosome assembly /// spindle assembly involved in mitosis /// regulation of neural precursor cell proliferation	nucleotide binding /// GTPase activity /// GTPase activity /// GTPase activity /// protein binding /// GTP binding /// myosin binding /// GDP binding /// protein domain specific binding	intracellular /// nucleus /// cytoplasm /// mitochondrion /// cytosol /// cytosol /// cytosol /// cytoskeleton /// plasma membrane /// cell cortex /// membrane /// lamellipodium /// axon /// midbody /// cleavage furrow /// ruffle membrane /// cell projection /// apical junction complex /// extracellular vesicular exosome
1437872_at	Napepld	N-acyl phosphatidylethanolamine phospholipase D	---	lipid metabolic process /// metabolic process /// phospholipid catabolic process /// lipid catabolic process	phospholipase activity /// zinc ion binding /// hydrolase activity /// metal ion binding /// N-acylphosphatidylethanolamine-specific phospholipase D activity	membrane /// extracellular vesicular exosome
1438028_at	Rprd2	regulation of nuclear pre-mRNA domain containing 2	---	---	---	DNA-directed RNA polymerase II, holoenzyme
1438236_at	Nfia	nuclear factor I/A	---	DNA replication /// transcription, DNA-templated /// regulation of transcription, DNA-templated /// response to organic cyclic compound /// positive regulation of transcription, DNA-templated /// positive regulation of transcription from RNA polymerase II promoter	DNA binding /// DNA binding /// sequence-specific DNA binding transcription factor activity /// protein binding /// transcription factor binding	intracellular /// nucleus /// nucleus /// cell junction
1438403_s_at	Malat1	metastasis associated lung adenocarcinoma transcript 1 (non-coding RNA)	<a target="external" href="http://www.wikipathways.org/index.php/Pathway:Mus_musculus:Smooth_muscle_contraction">Smooth_muscle_contraction</a>	regulation of alternative mRNA splicing, via spliceosome /// angiogenesis /// angiogenesis /// vasculogenesis /// response to hypoxia /// sprouting angiogenesis /// cAMP biosynthetic process /// cAMP biosynthetic process /// transport /// calcium ion transport /// calcium ion transport /// intracellular protein transport /// G-protein coupled receptor signaling pathway /// heart development /// female pregnancy /// regulation of blood pressure /// regulation of G-protein coupled receptor protein signaling pathway /// positive regulation of gene expression /// positive regulation of gene expression /// protein transport /// protein transport /// positive regulation of cAMP biosynthetic process /// positive regulation of cAMP biosynthetic process /// receptor internalization /// receptor internalization /// response to estradiol /// response to progesterone /// cellular response to hormone stimulus /// adherens junction assembly /// adherens junction assembly /// nuclear speck organization /// cellular response to vascular endothelial growth factor stimulus /// negative regulation of vascular permeability /// negative regulation of vascular permeability /// positive regulation of angiogenesis /// regulation of synapse organization /// tight junction assembly /// tight junction assembly /// basement membrane assembly /// protein localization to plasma membrane /// protein localization to plasma membrane /// vascular smooth muscle cell development /// positive regulation of myoblast proliferation /// negative regulation of endothelial cell apoptotic process /// negative regulation of endothelial cell apoptotic process /// positive regulation of vasculogenesis	protein transporter activity /// protein transporter activity /// coreceptor activity /// coreceptor activity	cytoplasm /// cytoplasm /// plasma membrane /// cell surface /// cell surface /// membrane /// integral component of membrane /// nuclear speck /// nuclear speck /// receptor complex /// receptor complex
1438677_at	Pkp4	plakophilin 4	---	cell-cell junction assembly /// cell adhesion /// positive regulation of gene expression /// single organismal cell-cell adhesion /// positive regulation of Rho GTPase activity /// positive regulation of cytokinesis	binding /// protein binding	spindle pole /// cytoplasm /// spindle /// cytoskeleton /// plasma membrane /// cell-cell junction /// cytoplasmic side of plasma membrane /// membrane /// cell junction /// desmosome /// midbody /// cell-cell contact zone /// perinuclear region of cytoplasm /// spindle midzone /// mitotic spindle
1442370_at	Grin2b	glutamate receptor, ionotropic, NMDA2B (epsilon 2)	---	action potential /// behavioral fear response /// in utero embryonic development /// startle response /// startle response /// suckling behavior /// transport /// ion transport /// cation transport /// calcium ion transport /// synaptic transmission /// sensory organ development /// learning or memory /// learning /// learning /// memory /// memory /// memory /// associative learning /// embryo development /// positive regulation of cell death /// positive regulation of glutamate secretion /// ion transmembrane transport /// ion transmembrane transport /// ionotropic glutamate receptor signaling pathway /// ionotropic glutamate receptor signaling pathway /// synaptic transmission, glutamatergic /// fear response /// receptor clustering /// regulation of MAPK cascade /// response to ethanol /// response to ethanol /// regulation of synaptic plasticity /// regulation of neuronal synaptic plasticity /// regulation of long-term neuronal synaptic plasticity /// behavioral response to pain /// rhythmic process /// positive regulation of synaptic transmission /// detection of mechanical stimulus involved in sensory perception of pain /// regulation of postsynaptic membrane potential /// regulation of excitatory postsynaptic membrane potential /// regulation of excitatory postsynaptic membrane potential /// calcium ion transmembrane transport	receptor activity /// ionotropic glutamate receptor activity /// N-methyl-D-aspartate selective glutamate receptor activity /// N-methyl-D-aspartate selective glutamate receptor activity /// N-methyl-D-aspartate selective glutamate receptor activity /// receptor binding /// interleukin-1 receptor binding /// transporter activity /// ion channel activity /// extracellular-glutamate-gated ion channel activity /// cation channel activity /// calcium channel activity /// protein binding /// beta-catenin binding /// drug binding /// zinc ion binding /// glycine binding /// D2 dopamine receptor binding /// ionotropic glutamate receptor binding /// neurotransmitter binding /// metal ion binding /// protein heterodimerization activity /// cell adhesion molecule binding	plasma membrane /// synaptic vesicle /// cell surface /// postsynaptic density /// postsynaptic density /// membrane /// integral component of membrane /// N-methyl-D-aspartate selective glutamate receptor complex /// N-methyl-D-aspartate selective glutamate receptor complex /// Z disc /// cell junction /// presynaptic membrane /// presynaptic membrane /// neuron projection /// neuron projection /// synaptic cleft /// terminal bouton /// dendritic spine /// synapse /// synapse /// postsynaptic membrane /// neuronal postsynaptic density
1443970_at	Ntrk3	neurotrophic tyrosine kinase, receptor, type 3	---	activation of MAPK activity /// neuron migration /// negative regulation of protein phosphorylation /// protein phosphorylation /// response to stress /// transmembrane receptor protein tyrosine kinase signaling pathway /// multicellular organismal development /// nervous system development /// circadian rhythm /// positive regulation of cell proliferation /// positive regulation of gene expression /// phosphorylation /// peptidyl-tyrosine phosphorylation /// modulation by virus of host transcription /// cell differentiation /// positive regulation of cell migration /// activation of protein kinase B activity /// activation of Ras GTPase activity /// positive regulation of peptidyl-serine phosphorylation /// neurotrophin signaling pathway /// mechanoreceptor differentiation /// response to ethanol /// protein autophosphorylation /// neuron fate specification /// response to axon injury /// positive regulation of axon extension involved in regeneration /// negative regulation of astrocyte differentiation /// positive regulation of positive chemotaxis /// response to corticosterone /// negative regulation of cell death /// lens fiber cell differentiation /// cellular response to retinoic acid /// cochlea development /// positive regulation of actin cytoskeleton reorganization	nucleotide binding /// p53 binding /// protein kinase activity /// protein tyrosine kinase activity /// transmembrane receptor protein tyrosine kinase activity /// neurotrophin receptor activity /// protein binding /// ATP binding /// kinase activity /// transferase activity /// transferase activity, transferring phosphorus-containing groups /// ephrin receptor binding	cytoplasm /// plasma membrane /// integral component of plasma membrane /// membrane /// integral component of membrane /// receptor complex
1445337_at	Dnajc13	DnaJ (Hsp40) homolog, subfamily C, member 13	---	osteoblast differentiation	---	lysosomal membrane /// membrane /// extracellular vesicular exosome
1446990_at	Nfia	nuclear factor I/A	---	DNA replication /// transcription, DNA-templated /// regulation of transcription, DNA-templated /// response to organic cyclic compound /// positive regulation of transcription, DNA-templated /// positive regulation of transcription from RNA polymerase II promoter	DNA binding /// DNA binding /// sequence-specific DNA binding transcription factor activity /// protein binding /// transcription factor binding	intracellular /// nucleus /// nucleus /// cell junction
1447913_x_at	Akap9	A kinase (PRKA) anchor protein (yotiao) 9	<a target="external" href="http://www.wikipathways.org/index.php/Pathway:Mus_musculus:G_Protein_Signaling">G_Protein_Signaling</a>	signal transduction /// spermatogenesis /// Sertoli cell development	protein binding /// protein complex scaffold /// ion channel binding	pericentriolar material /// cytoplasm /// Golgi apparatus /// centrosome /// centrosome /// microtubule organizing center /// cytoskeleton /// voltage-gated potassium channel complex /// ciliary basal body /// intracellular membrane-bounded organelle
1448023_at	Kalrn	kalirin, RhoGEF kinase	---	protein phosphorylation /// nervous system development /// axonogenesis /// phosphorylation /// positive regulation of Rho GTPase activity /// regulation of Rho protein signal transduction /// intracellular signal transduction /// positive regulation of GTPase activity /// regulation of dendrite development	nucleotide binding /// protein kinase activity /// protein serine/threonine kinase activity /// protein tyrosine kinase activity /// guanyl-nucleotide exchange factor activity /// Rho guanyl-nucleotide exchange factor activity /// protein binding /// ATP binding /// phospholipid binding /// kinase activity /// transferase activity /// transferase activity, transferring phosphorus-containing groups /// enzyme binding /// metal ion binding	cytoplasm /// cytoskeleton /// neuron projection /// neuronal cell body /// perinuclear region of cytoplasm /// extracellular vesicular exosome
1448200_at	Tcn2	transcobalamin 2	---	transport /// ion transport /// cobalt ion transport /// cobalamin metabolic process /// cobalamin transport	cobalamin binding /// metal ion binding	extracellular region /// extracellular space
1448288_at	Nfib	nuclear factor I/B	---	negative regulation of transcription from RNA polymerase II promoter /// chondrocyte differentiation /// DNA replication /// transcription, DNA-templated /// regulation of transcription, DNA-templated /// transcription from RNA polymerase II promoter /// transcription from RNA polymerase II promoter /// negative regulation of cell proliferation /// glial cell differentiation /// principal sensory nucleus of trigeminal nerve development /// anterior commissure morphogenesis /// lung development /// forebrain development /// hindbrain development /// negative regulation of DNA binding /// positive regulation of transcription, DNA-templated /// positive regulation of transcription from RNA polymerase II promoter /// positive regulation of transcription from RNA polymerase II promoter /// positive regulation of transcription from RNA polymerase II promoter /// Clara cell differentiation /// Type I pneumocyte differentiation /// Type II pneumocyte differentiation /// lung ciliated cell differentiation /// commissural neuron axon guidance /// negative regulation of mesenchymal cell proliferation involved in lung development /// negative regulation of epithelial cell proliferation involved in lung morphogenesis	sequence-specific DNA binding RNA polymerase II transcription factor activity /// RNA polymerase II core promoter proximal region sequence-specific DNA binding transcription factor activity involved in positive regulation of transcription /// RNA polymerase II core promoter proximal region sequence-specific DNA binding transcription factor activity involved in positive regulation of transcription /// RNA polymerase II transcription corepressor activity /// DNA binding /// double-stranded DNA binding /// sequence-specific DNA binding transcription factor activity	intracellular /// nucleus /// nucleus /// nucleolus /// cerebellar mossy fiber
1448311_at	Usp5	ubiquitin specific peptidase 5 (isopeptidase T)	---	proteolysis /// ubiquitin-dependent protein catabolic process /// positive regulation of proteasomal ubiquitin-dependent protein catabolic process /// protein K48-linked deubiquitination	ubiquitin thiolesterase activity /// protein binding /// peptidase activity /// cysteine-type peptidase activity /// omega peptidase activity /// zinc ion binding /// hydrolase activity /// ubiquitinyl hydrolase activity /// metal ion binding	---
1448774_at	Stoml2	stomatin (Epb7.2)-like 2	---	mitochondrial calcium ion transport /// cellular calcium ion homeostasis /// mitochondrion organization /// lipid localization /// positive regulation of mitochondrial membrane potential /// interleukin-2 production /// mitochondrial protein processing /// CD4-positive, alpha-beta T cell activation /// mitochondrial ATP synthesis coupled proton transport /// mitochondrial ATP synthesis coupled proton transport /// T cell receptor signaling pathway /// protein oligomerization /// mitochondrion localization /// positive regulation of mitochondrial DNA replication /// positive regulation of cardiolipin metabolic process /// stress-induced mitochondrial fusion	protein binding /// lipid binding /// cardiolipin binding	immunological synapse /// intracellular /// cell /// mitochondrion /// mitochondrion /// mitochondrial inner membrane /// mitochondrial inner membrane /// mitochondrial intermembrane space /// plasma membrane /// COP9 signalosome /// actin cytoskeleton /// membrane /// extrinsic component of plasma membrane /// extrinsic component of plasma membrane /// T cell receptor complex /// membrane raft
1448877_at	Dlx2	distal-less homeobox 2	---	negative regulation of transcription from RNA polymerase II promoter /// regulation of transcription, DNA-templated /// regulation of transcription from RNA polymerase II promoter /// multicellular organismal development /// proximal/distal pattern formation /// proximal/distal pattern formation /// subpallium development /// hippocampus development /// olfactory bulb development /// forebrain neuron differentiation /// regulation of transcription from RNA polymerase II promoter involved in forebrain neuron fate commitment /// cerebral cortex GABAergic interneuron differentiation /// cerebral cortex GABAergic interneuron fate commitment /// cell differentiation /// odontogenesis of dentin-containing tooth /// negative regulation of Notch signaling pathway /// positive regulation of transcription from RNA polymerase II promoter /// embryonic cranial skeleton morphogenesis /// embryonic skeletal system development /// embryonic skeletal system development /// negative regulation of oligodendrocyte differentiation /// branching morphogenesis of a nerve /// cartilage development	transcription regulatory region sequence-specific DNA binding /// DNA binding /// chromatin binding /// sequence-specific DNA binding transcription factor activity /// single-stranded RNA binding /// protein binding /// sequence-specific DNA binding	nucleus
1448916_at	Mafg	v-maf musculoaponeurotic fibrosarcoma oncogene family, protein G (avian)	---	negative regulation of transcription from RNA polymerase II promoter /// negative regulation of transcription from RNA polymerase II promoter /// in utero embryonic development /// transcription, DNA-templated /// regulation of transcription, DNA-templated /// positive regulation of transcription on exit from mitosis /// positive regulation of transcription on exit from mitosis /// rRNA transcription /// rRNA transcription /// chromatin modification /// adult behavior /// regulation of cellular pH /// regulation of cell proliferation /// regulation of epidermal cell differentiation /// histone H3 deacetylation /// histone H3 deacetylation /// histone H4 deacetylation /// histone H4 deacetylation	DNA binding /// DNA binding /// chromatin binding /// chromatin binding /// sequence-specific DNA binding transcription factor activity /// hydrolase activity /// sequence-specific DNA binding /// metal ion binding /// protein heterodimerization activity /// NAD+ binding /// NAD-dependent histone deacetylase activity (H3-K18 specific) /// NAD-dependent histone deacetylase activity (H3-K18 specific)	nucleus /// nucleolus /// nucleolus /// nucleolus organizer region /// nucleolus organizer region /// cytoplasm
1449144_at	Gna11	guanine nucleotide binding protein, alpha 11	<a target="external" href="http://www.wikipathways.org/index.php/Pathway:Mus_musculus:Calcium_regulation_in_cardiac_cells">Calcium_regulation_in_cardiac_cells</a> /// <a target="external" href="http://www.wikipathways.org/index.php/Pathway:Mus_musculus:G_Protein_Signaling">G_Protein_Signaling</a>	skeletal system development /// action potential /// GTP catabolic process /// signal transduction /// G-protein coupled receptor signaling pathway /// G-protein coupled receptor signaling pathway /// adenylate cyclase-modulating G-protein coupled receptor signaling pathway /// glutamate receptor signaling pathway /// heart development /// regulation of melanocyte differentiation /// developmental pigmentation /// phospholipase C-activating dopamine receptor signaling pathway /// cellular response to pH	nucleotide binding /// G-protein coupled receptor binding /// GTPase activity /// GTPase activity /// signal transducer activity /// GTP binding /// guanyl nucleotide binding /// G-protein beta/gamma-subunit complex binding /// type 2A serotonin receptor binding /// protein complex binding /// metal ion binding	cytoplasm /// lysosomal membrane /// cytosol /// heterotrimeric G-protein complex /// heterotrimeric G-protein complex /// plasma membrane /// membrane /// extrinsic component of cytoplasmic side of plasma membrane /// protein complex /// extracellular vesicular exosome
1450102_a_at	Amfr	autocrine motility factor receptor	---	protein polyubiquitination /// ubiquitin-dependent protein catabolic process /// aging /// learning or memory /// cellular process /// protein ubiquitination /// ER-associated ubiquitin-dependent protein catabolic process /// endoplasmic reticulum unfolded protein response /// protein oligomerization	nucleotide binding /// ubiquitin-protein transferase activity /// receptor activity /// protein binding /// zinc ion binding /// UDP-N-acetylmuramoylalanyl-D-glutamyl-2,6-diaminopimelate-D-alanyl-D-alanine ligase activity /// ligase activity /// ribosomal S6-glutamic acid ligase activity /// coenzyme F420-0 gamma-glutamyl ligase activity /// coenzyme F420-2 alpha-glutamyl ligase activity /// metal ion binding /// protein-glycine ligase activity /// protein-glycine ligase activity, initiating /// protein-glycine ligase activity, elongating /// tubulin-glycine ligase activity /// protein-glutamic acid ligase activity /// tubulin-glutamic acid ligase activity	nucleus /// cytoplasm /// endoplasmic reticulum /// endoplasmic reticulum membrane /// integral component of plasma membrane /// membrane /// integral component of membrane /// integral component of endoplasmic reticulum membrane /// dendrite /// growth cone /// neuronal cell body /// protein complex /// perinuclear region of cytoplasm
1450308_a_at	Xrn1	5'-3' exoribonuclease 1	---	telomere maintenance /// nuclear-transcribed mRNA catabolic process /// RNA processing /// meiotic nuclear division /// cell aging /// rRNA catabolic process /// nuclear mRNA surveillance /// histone mRNA catabolic process /// nucleic acid phosphodiester bond hydrolysis /// RNA phosphodiester bond hydrolysis, exonucleolytic	3'-5'-exoribonuclease activity /// nucleic acid binding /// DNA binding /// RNA binding /// nuclease activity /// exonuclease activity /// 5'-3' exoribonuclease activity /// protein binding /// 5'-3' exonuclease activity /// hydrolase activity /// poly(A) RNA binding	cytoplasmic mRNA processing body /// intracellular /// cytoplasm /// Golgi apparatus /// plasma membrane /// intermediate filament cytoskeleton
1450397_at	Map1b	microtubule-associated protein 1B	---	microtubule cytoskeleton organization /// microtubule bundle formation /// microtubule bundle formation /// microtubule-based process /// negative regulation of microtubule depolymerization /// axonogenesis /// metabolic process /// cellular process /// dendrite development /// positive regulation of microtubule polymerization /// negative regulation of intracellular transport /// positive regulation of neuron differentiation /// positive regulation of axon extension /// positive regulation of axon extension /// mitochondrion transport along microtubule /// axon extension /// establishment of monopolar cell polarity	actin binding /// protein binding /// cytoskeletal regulatory protein binding /// phospholipid binding /// microtubule binding /// hydrolase activity /// protein complex binding	intracellular /// cell /// cytoplasm /// cytosol /// cytoskeleton /// microtubule /// microtubule associated complex /// microtubule associated complex /// plasma membrane /// postsynaptic density /// cell junction /// axon /// dendrite /// growth cone /// cell projection /// neuronal cell body /// dendritic spine /// perikaryon /// synapse /// perinuclear region of cytoplasm
1450632_at	Rhoa	ras homolog gene family, member A	<a target="external" href="http://www.wikipathways.org/index.php/Pathway:Mus_musculus:G13_Signaling_Pathway">G13_Signaling_Pathway</a> /// <a target="external" href="http://www.wikipathways.org/index.php/Pathway:Mus_musculus:G_Protein_Signaling">G_Protein_Signaling</a> /// <a target="external" href="http://www.wikipathways.org/index.php/Pathway:Mus_musculus:Wnt_Signaling">Wnt_Signaling</a>	cell morphogenesis /// response to hypoxia /// GTP catabolic process /// GTP catabolic process /// regulation of transcription from RNA polymerase II promoter /// cytoskeleton organization /// cell cycle /// cell adhesion /// cell-matrix adhesion /// signal transduction /// integrin-mediated signaling pathway /// small GTPase mediated signal transduction /// Rho protein signal transduction /// skeletal muscle tissue development /// regulation of actin polymerization or depolymerization /// response to mechanical stimulus /// response to glucose /// protein transport /// cerebral cortex cell migration /// forebrain radial glial cell differentiation /// actin cytoskeleton organization /// cell differentiation /// positive regulation of cell growth /// regulation of cell migration /// positive regulation of cell migration /// androgen receptor signaling pathway /// positive regulation of actin filament polymerization /// stress-activated protein kinase signaling cascade /// positive regulation of cytokinesis /// negative regulation of intracellular steroid hormone receptor signaling pathway /// regulation of osteoblast proliferation /// cleavage furrow formation /// response to drug /// positive regulation of I-kappaB kinase/NF-kappaB signaling /// negative regulation of I-kappaB kinase/NF-kappaB signaling /// stress fiber assembly /// response to amino acid /// positive regulation of cysteine-type endopeptidase activity involved in apoptotic process /// apical junction assembly /// apical junction assembly /// negative regulation of neuron apoptotic process /// positive regulation of neuron apoptotic process /// ossification involved in bone maturation /// response to ethanol /// negative regulation of neuron differentiation /// positive regulation of neuron differentiation /// positive regulation of translation /// positive regulation of cell adhesion /// positive regulation of vasoconstriction /// positive regulation of smooth muscle contraction /// neuron projection morphogenesis /// regulation of dendrite development /// cell division /// response to glucocorticoid /// positive regulation of stress fiber assembly /// regulation of calcium ion transport /// negative regulation of cell death /// trabecula morphogenesis /// positive regulation of podosome assembly /// spindle assembly involved in mitosis /// regulation of neural precursor cell proliferation	nucleotide binding /// GTPase activity /// GTPase activity /// GTPase activity /// protein binding /// GTP binding /// myosin binding /// GDP binding /// protein domain specific binding	intracellular /// nucleus /// cytoplasm /// mitochondrion /// cytosol /// cytosol /// cytosol /// cytoskeleton /// plasma membrane /// cell cortex /// membrane /// lamellipodium /// axon /// midbody /// cleavage furrow /// ruffle membrane /// cell projection /// apical junction complex /// extracellular vesicular exosome
1450779_at	Fabp7	fatty acid binding protein 7, brain	---	startle response /// transport /// cell proliferation in forebrain /// neurogenesis /// epithelial cell proliferation /// prepulse inhibition	transporter activity /// fatty acid binding /// lipid binding	nucleus /// cytoplasm /// cytosol /// cell projection /// neuronal cell body /// cell body
1451020_at	Gsk3b	glycogen synthase kinase 3 beta	<a target="external" href="http://www.wikipathways.org/index.php/Pathway:Mus_musculus:Cell_Cycle_KEGG">Cell_Cycle_KEGG</a> /// <a target="external" href="http://www.wikipathways.org/index.php/Pathway:Mus_musculus:Glycogen_Metabolism">Glycogen_Metabolism</a> /// <a target="external" href="http://www.wikipathways.org/index.php/Pathway:Mus_musculus:Wnt_Signaling">Wnt_Signaling</a>	re-entry into mitotic cell cycle /// epithelial to mesenchymal transition /// positive regulation of cell-matrix adhesion /// carbohydrate metabolic process /// glycogen metabolic process /// regulation of gene expression by genetic imprinting /// protein phosphorylation /// protein phosphorylation /// protein phosphorylation /// protein phosphorylation /// protein phosphorylation /// protein export from nucleus /// ER overload response /// ER overload response /// cytoskeleton organization /// establishment or maintenance of cell polarity /// multicellular organismal development /// nervous system development /// axonogenesis /// myoblast fusion /// myoblast fusion /// circadian rhythm /// cell proliferation /// organ morphogenesis /// negative regulation of signal transduction /// response to lithium ion /// negative regulation of cardiac muscle hypertrophy /// positive regulation of peptidyl-threonine phosphorylation /// negative regulation of neuron projection development /// negative regulation of neuron projection development /// negative regulation of neuron maturation /// myotube differentiation /// Wnt signaling pathway /// phosphorylation /// cell migration /// peptidyl-serine phosphorylation /// peptidyl-serine phosphorylation /// hippocampus development /// establishment of cell polarity /// cell differentiation /// negative regulation of protein complex assembly /// positive regulation of protein complex assembly /// negative regulation of protein binding /// positive regulation of protein binding /// positive regulation of proteasomal ubiquitin-dependent protein catabolic process /// positive regulation of Rac GTPase activity /// regulation of microtubule-based process /// regulation of microtubule-based process /// positive regulation of peptidyl-serine phosphorylation /// protein localization to microtubule /// intracellular signal transduction /// cellular response to interleukin-3 /// response to drug /// positive regulation of apoptotic process /// negative regulation of apoptotic process /// negative regulation of apoptotic process /// negative regulation of MAP kinase activity /// hypermethylation of CpG island /// canonical Wnt signaling pathway involved in positive regulation of apoptotic process /// fat cell differentiation /// positive regulation of transcription from RNA polymerase II promoter /// positive regulation of protein export from nucleus /// regulation of neuronal synaptic plasticity /// rhythmic process /// negative regulation of dendrite morphogenesis /// negative regulation of NFAT protein import into nucleus /// canonical Wnt signaling pathway /// canonical Wnt signaling pathway /// superior temporal gyrus development /// cellular response to mechanical stimulus /// extrinsic apoptotic signaling pathway in absence of ligand /// positive regulation of mitochondrial outer membrane permeabilization involved in apoptotic signaling pathway /// positive regulation of stem cell differentiation	nucleotide binding /// RNA polymerase II transcription factor binding /// p53 binding /// protein kinase activity /// protein serine/threonine kinase activity /// protein serine/threonine kinase activity /// protein serine/threonine kinase activity /// protein serine/threonine kinase activity /// protein tyrosine kinase activity /// integrin binding /// protein binding /// ATP binding /// beta-catenin binding /// beta-catenin binding /// kinase activity /// transferase activity /// transferase activity, transferring phosphorus-containing groups /// protein kinase binding /// ubiquitin protein ligase binding /// protein kinase A catalytic subunit binding /// ionotropic glutamate receptor binding /// tau protein binding /// tau-protein kinase activity /// tau-protein kinase activity /// NF-kappaB binding	nucleus /// nucleus /// nucleoplasm /// cytoplasm /// centrosome /// cytosol /// cytosol /// plasma membrane /// membrane /// growth cone /// ribonucleoprotein complex /// beta-catenin destruction complex /// beta-catenin destruction complex /// neuronal cell body /// dendritic spine /// dendritic shaft /// membrane-bounded organelle /// protein complex /// cell body /// membrane raft /// perinuclear region of cytoplasm
1451091_at	Txndc5	thioredoxin domain containing 5	---	protein folding /// glycerol ether metabolic process /// response to endoplasmic reticulum stress /// apoptotic cell clearance /// cell redox homeostasis	protein disulfide isomerase activity /// protein binding /// electron carrier activity /// protein disulfide oxidoreductase activity /// isomerase activity	endoplasmic reticulum /// endoplasmic reticulum lumen /// extracellular vesicular exosome
1451570_a_at	Fam92a	family with sequence similarity 92, member A	---	---	protein binding	---
1451621_at	Desi2	desumoylating isopeptidase 2	---	proteolysis	peptidase activity /// cysteine-type peptidase activity /// hydrolase activity	cytoplasm
1451894_a_at	Scn8a	sodium channel, voltage-gated, type VIII, alpha	---	transport /// ion transport /// sodium ion transport /// sodium ion transport /// muscle organ development /// sensory perception of sound /// locomotory behavior /// adult walking behavior /// adult locomotory behavior /// response to toxic substance /// neuronal action potential /// ion transmembrane transport /// regulation of ion transmembrane transport /// sodium ion transmembrane transport /// sodium ion transmembrane transport /// neuromuscular process /// transmembrane transport /// membrane depolarization during action potential	nucleotide binding /// ion channel activity /// voltage-gated ion channel activity /// voltage-gated sodium channel activity /// voltage-gated sodium channel activity /// sodium channel activity /// protein binding /// ATP binding /// sodium ion binding	voltage-gated sodium channel complex /// voltage-gated sodium channel complex /// plasma membrane /// membrane /// integral component of membrane /// Z disc /// dendrite /// node of Ranvier /// node of Ranvier /// sodium channel complex /// neuronal cell body /// axon initial segment
1452144_a_at	Mrpl44	mitochondrial ribosomal protein L44	---	RNA processing /// mitochondrial translational elongation /// nucleic acid phosphodiester bond hydrolysis /// RNA phosphodiester bond hydrolysis /// RNA phosphodiester bond hydrolysis, endonucleolytic	RNA binding /// nuclease activity /// endonuclease activity /// ribonuclease III activity /// bidentate ribonuclease III activity /// hydrolase activity /// poly(A) RNA binding	mitochondrion /// ribosome /// ribonucleoprotein complex
1452259_at	Phf20	PHD finger protein 20	---	transcription, DNA-templated /// regulation of transcription, DNA-templated /// chromatin modification /// histone H4-K5 acetylation /// histone H4-K8 acetylation /// histone H4-K16 acetylation	DNA binding /// protein binding /// zinc ion binding /// histone acetyltransferase activity (H4-K5 specific) /// histone acetyltransferase activity (H4-K8 specific) /// metal ion binding /// histone acetyltransferase activity (H4-K16 specific)	histone acetyltransferase complex /// nucleus /// cytoplasm /// nuclear membrane /// MLL1 complex
1452307_at	Cables2	CDK5 and Abl enzyme substrate 2	---	cell cycle /// regulation of protein kinase activity /// cell division /// regulation of cell division /// regulation of cell cycle	protein binding /// cyclin-dependent protein serine/threonine kinase regulator activity	---
1452378_at	Malat1	metastasis associated lung adenocarcinoma transcript 1 (non-coding RNA)	---	regulation of alternative mRNA splicing, via spliceosome /// nuclear speck organization /// regulation of synapse organization /// positive regulation of myoblast proliferation	---	nuclear speck /// nuclear speck
1452587_at	Actr2	ARP2 actin-related protein 2	---	establishment or maintenance of cell polarity /// asymmetric cell division /// meiotic chromosome movement towards spindle pole /// cytoplasmic transport /// actin cytoskeleton organization /// regulation of actin filament polymerization /// meiotic cytokinesis /// Arp2/3 complex-mediated actin nucleation /// meiotic cell cycle /// spindle localization	nucleotide binding /// actin binding /// ATP binding	intracellular /// cell /// cytoplasm /// cytoskeleton /// Arp2/3 protein complex /// cell cortex /// actin cap /// cell projection /// extracellular vesicular exosome
1453097_a_at	Ubtf	upstream binding transcription factor, RNA polymerase I	---	chromatin silencing at rDNA /// transcription, DNA-templated /// regulation of transcription, DNA-templated /// transcription elongation from RNA polymerase I promoter /// positive regulation of transcription from RNA polymerase I promoter	DNA binding /// binding /// protein binding /// poly(A) RNA binding	fibrillar center /// nucleus /// nucleolus /// nucleolus
1453821_at	N6amt1	N-6 adenine-specific DNA methyltransferase 1 (putative)	---	protein methylation /// positive regulation of cell growth /// methylation	nucleic acid binding /// protein binding /// methyltransferase activity /// protein methyltransferase activity /// transferase activity	cytoplasm /// protein complex
1454655_at	Dgkd	diacylglycerol kinase, delta	---	protein kinase C-activating G-protein coupled receptor signaling pathway /// metabolic process /// response to organic substance /// phosphorylation /// intracellular signal transduction /// diacylglycerol metabolic process /// protein homooligomerization	nucleotide binding /// NAD+ kinase activity /// diacylglycerol kinase activity /// protein binding /// ATP binding /// phospholipid binding /// kinase activity /// transferase activity /// protein homodimerization activity /// protein heterodimerization activity	cytoplasm /// plasma membrane /// cytoplasmic membrane-bounded vesicle
1454665_at	Irf2bp2	interferon regulatory factor 2 binding protein 2	---	negative regulation of transcription from RNA polymerase II promoter /// transcription, DNA-templated /// regulation of transcription, DNA-templated	transcription corepressor activity /// metal ion binding	nucleus /// cytoplasm
1455026_at	Sbno1	sno, strawberry notch homolog 1 (Drosophila)	<a target="external" href="http://www.wikipathways.org/index.php/Pathway:Mus_musculus:mRNA_processing_binding_Reactome">mRNA_processing_binding_Reactome</a>	regulation of transcription, DNA-templated /// oxidation-reduction process	DNA binding /// catalytic activity /// ATP binding /// oxidoreductase activity /// hydrolase activity	---
1456064_at	AI504432	expressed sequence AI504432	---	---	---	---
1458685_at	Ralgapa1	Ral GTPase activating protein, alpha subunit 1	---	regulation of transcription, DNA-templated /// positive regulation of Ran GTPase activity /// activation of Ral GTPase activity /// positive regulation of GTPase activity /// regulation of small GTPase mediated signal transduction	GTPase activator activity /// Ran GTPase activator activity /// binding /// protein binding /// Ral GTPase activator activity /// protein heterodimerization activity	nucleus /// cytoplasm /// mitochondrion /// cytosol
1460193_at	St13	suppression of tumorigenicity 13	---	protein folding /// protein homooligomerization /// negative regulation of protein refolding /// chaperone cofactor-dependent protein refolding	protein binding /// protein domain specific binding /// Hsp70 protein binding /// protein complex binding /// dATP binding /// identical protein binding /// unfolded protein binding /// chaperone binding	cytoplasm /// cytosol /// protein complex /// extracellular vesicular exosome
1460230_at	Syn2	synapsin II	---	neurotransmitter secretion /// neurotransmitter secretion /// metabolic process	catalytic activity /// ATP binding /// protein dimerization activity /// calcium-dependent protein binding	cell /// synaptic vesicle /// cell junction /// synaptic vesicle membrane /// synapse
1460237_at	Trim8	tripartite motif-containing 8	---	protein ubiquitination /// negative regulation of viral transcription /// positive regulation of I-kappaB kinase/NF-kappaB signaling /// innate immune response /// innate immune response /// negative regulation of viral entry into host cell /// positive regulation of sequence-specific DNA binding transcription factor activity /// positive regulation of NF-kappaB transcription factor activity /// negative regulation of viral release from host cell /// negative regulation of viral release from host cell	ubiquitin-protein transferase activity /// protein binding /// zinc ion binding /// UDP-N-acetylmuramoylalanyl-D-glutamyl-2,6-diaminopimelate-D-alanyl-D-alanine ligase activity /// ligase activity /// ribosomal S6-glutamic acid ligase activity /// identical protein binding /// protein homodimerization activity /// coenzyme F420-0 gamma-glutamyl ligase activity /// coenzyme F420-2 alpha-glutamyl ligase activity /// metal ion binding /// protein-glycine ligase activity /// protein-glycine ligase activity, initiating /// protein-glycine ligase activity, elongating /// tubulin-glycine ligase activity /// protein-glutamic acid ligase activity /// tubulin-glutamic acid ligase activity	nucleus /// nucleus /// cytoplasm /// PML body /// intracellular membrane-bounded organelle
